date,client,channel,impressions,clicks,spend,conversions,attributed_sales
1/1/22,A,search,4427.00,136,869.27,37.00,552.2
1/2/22,A,search,8369.00,117,705.84,49.00,728.99
1/3/22,A,search,695.00,910,371.8,31.00,459.56
1/4/22,A,search,935.00,394,520.76,64.00,954.63
1/5/22,A,search,7123.00,123,234.37,35.00,518.62
1/6/22,A,search,4701.00,589,196.71,20.00,298.29
1/7/22,A,search,3246.00,920,890.56,65.00,968.01
1/8/22,A,search,4431.00,564,827.92,12.00,179.74
1/9/22,A,search,3091.00,343,705.16,12.00,183.82
1/10/22,A,search,6344.00,620,91.05,63.00,951.42
1/11/22,A,search,754.00,756,943.79,42.00,634.25
1/12/22,A,search,9806.00,725,965.95,50.00,751.66
1/13/22,A,search,4312.00,915,763.36,56.00,834.22
1/14/22,A,search,1998.00,386,850.85,15.00,230.32
1/15/22,A,search,1397.00,401,460.62,16.00,244.87
1/16/22,A,search,8326.00,852,980.17,44.00,656.74
1/17/22,A,search,5383.00,357,279.21,55.00,828.84
1/18/22,A,search,8339.00,644,589.14,30.00,451.93
1/19/22,A,search,5613.00,810,385.56,6.00,84.97
1/20/22,A,search,6965.00,733,809.56,14.00,216.76
1/21/22,A,search,8961.00,835,536.05,8.00,112.61
1/22/22,A,search,8325.00,114,420.45,34.00,503.3
1/23/22,A,search,7177.00,3,629.59,1.00,17.89
1/24/22,A,search,3908.00,658,660.35,14.00,211.32
1/25/22,A,search,3693.00,707,481.34,40.00,606.73
1/26/22,A,search,5649.00,512,784.72,14.00,212.64
1/27/22,A,search,7502.00,359,933.54,24.00,363.83
1/28/22,A,search,5101.00,464,394.7,52.00,782.82
1/29/22,A,search,5794.00,485,909.18,54.00,814.52
1/30/22,A,search,198.00,583,839.39,54.00,809.86
1/31/22,A,search,3139.00,108,528.44,19.00,289.47
2/1/22,A,search,5009.00,236,72.44,44.00,665.81
2/2/22,A,search,655.00,925,330.65,1.00,15.49
2/3/22,A,search,775.00,242,634.59,25.00,373.59
2/4/22,A,search,7036.00,497,690.31,10.00,154.5
2/5/22,A,search,1913.00,424,166.77,12.00,175.58
2/6/22,A,search,7669.00,508,610.63,38.00,575.86
2/7/22,A,search,1661.00,431,866.02,38.00,575.06
2/8/22,A,search,1724.00,581,742.64,56.00,833.87
2/9/22,A,search,8308.00,799,663.68,21.00,321.37
2/10/22,A,search,9906.00,849,71.5,6.00,94.16
2/11/22,A,search,1203.00,929,934.4,1.00,8.86
2/12/22,A,search,8541.00,310,146.41,52.00,786.15
2/13/22,A,search,4286.00,531,10.79,42.00,626.43
2/14/22,A,search,4880.00,951,141.8,0.00,3.83
2/15/22,A,search,2547.00,167,384.79,34.00,514.27
2/16/22,A,search,7308.00,964,812.73,11.00,168.15
2/17/22,A,search,1565.00,464,838.74,58.00,869.86
2/18/22,A,search,7300.00,649,915.66,39.00,587.89
2/19/22,A,search,2753.00,891,663.74,57.00,861.09
2/20/22,A,search,4239.00,203,296.78,12.00,184.02
2/21/22,A,search,3468.00,775,768.14,25.00,370.43
2/22/22,A,search,9324.00,667,678.72,11.00,171.28
2/23/22,A,search,6010.00,468,563.76,49.00,729.22
2/24/22,A,search,7730.00,712,836.43,56.00,839.26
2/25/22,A,search,3897.00,986,377.34,64.00,960.66
2/26/22,A,search,6250.00,404,94.37,37.00,558.5
2/27/22,A,search,6600.00,733,319.35,65.00,978.54
2/28/22,A,search,9111.00,987,540.75,51.00,764.11
3/1/22,A,search,9600.00,887,184.9,46.00,697.06
3/2/22,A,search,5133.00,657,670.71,6.00,92.56
3/3/22,A,search,8704.00,549,605.5,65.00,970.32
3/4/22,A,search,2806.00,734,540.62,31.00,467.94
3/5/22,A,search,7541.00,171,484.07,27.00,410.57
3/6/22,A,search,1888.00,442,326.51,2.00,29.85
3/7/22,A,search,5025.00,74,55.31,40.00,597.7
3/8/22,A,search,1484.00,606,509.34,66.00,983.45
3/9/22,A,search,184.00,269,345.64,60.00,897.83
3/10/22,A,search,5121.00,283,459.52,12.00,174.32
3/11/22,A,search,5440.00,330,60.43,60.00,896.23
3/12/22,A,search,1023.00,779,624.26,3.00,46.14
3/13/22,A,search,4384.00,950,745.6,32.00,476.44
3/14/22,A,search,4489.00,104,369.11,34.00,513.06
3/15/22,A,search,2316.00,48,722.91,36.00,537.29
3/16/22,A,search,5136.00,570,182.87,6.00,93.28
3/17/22,A,search,6278.00,111,309.39,11.00,159.37
3/18/22,A,search,1026.00,775,387.15,2.00,26.56
3/19/22,A,search,5971.00,703,543.91,44.00,656.3
3/20/22,A,search,4230.00,172,797.34,16.00,246.66
3/21/22,A,search,3833.00,815,374.43,45.00,680.88
3/22/22,A,search,3048.00,2,319.25,50.00,752.44
3/23/22,A,search,9543.00,866,830.08,34.00,507.79
3/24/22,A,search,7581.00,713,829.44,21.00,319.26
3/25/22,A,search,9215.00,314,453.3,1.00,12.35
3/26/22,A,search,1280.00,869,351.68,50.00,755.39
3/27/22,A,search,8583.00,308,739.62,23.00,349.67
3/28/22,A,search,4369.00,696,8.6,60.00,906.39
3/29/22,A,search,8253.00,266,444.45,64.00,956.18
3/30/22,A,search,6748.00,173,537.25,32.00,481.05
3/31/22,A,search,187.00,600,130.24,52.00,779.54
4/1/22,A,search,9972.00,83,329.78,27.00,412.14
4/2/22,A,search,9890.00,796,869.42,12.00,186.26
4/3/22,A,search,3112.00,258,476.68,12.00,175.02
4/4/22,A,search,2009.00,897,75.13,11.00,168.34
4/5/22,A,search,6910.00,780,784.86,41.00,618.54
4/6/22,A,search,8622.00,747,133.28,42.00,635.32
4/7/22,A,search,3752.00,181,486.73,24.00,362.12
4/8/22,A,search,1749.00,562,420.22,31.00,466.42
4/9/22,A,search,813.00,273,375.44,11.00,168.75
4/10/22,A,search,754.00,877,185.11,59.00,878.29
4/11/22,A,search,7033.00,447,167.13,16.00,241.81
4/12/22,A,search,7069.00,582,512.3,31.00,469.59
4/13/22,A,search,5214.00,191,452.32,48.00,724.51
4/14/22,A,search,8952.00,23,619.1,15.00,219.18
4/15/22,A,search,9529.00,940,808.09,40.00,600.47
4/16/22,A,search,5014.00,622,548.46,1.00,7.56
4/17/22,A,search,8267.00,1,245.16,60.00,903.96
4/18/22,A,search,7279.00,813,73.58,60.00,893.13
4/19/22,A,search,9751.00,947,25.57,0.00,1.49
4/20/22,A,search,845.00,106,172.55,10.00,156.87
4/21/22,A,search,9199.00,322,464.48,2.00,31.59
4/22/22,A,search,2193.00,508,690.3,51.00,766.01
4/23/22,A,search,8804.00,277,499.05,43.00,639.2
4/24/22,A,search,2921.00,748,58.86,26.00,393.31
4/25/22,A,search,5696.00,877,19.34,57.00,852.13
4/26/22,A,search,1821.00,316,412,12.00,184.44
4/27/22,A,search,1349.00,64,28.08,63.00,948.55
4/28/22,A,search,6618.00,749,77.05,55.00,824.56
4/29/22,A,search,7601.00,287,909.75,37.00,555.27
4/30/22,A,search,9811.00,989,423.79,15.00,217.65
5/1/22,A,search,2299.00,679,82.38,9.00,131.18
5/2/22,A,search,1732.00,719,152.37,17.00,247.82
5/3/22,A,search,5797.00,214,852.29,32.00,474.99
5/4/22,A,search,6611.00,991,764.07,36.00,536.95
5/5/22,A,search,6477.00,874,684.96,50.00,746.87
5/6/22,A,search,1134.00,517,717.55,49.00,728.75
5/7/22,A,search,2804.00,802,186.69,7.00,105.16
5/8/22,A,search,1003.00,47,976.81,35.00,522.76
5/9/22,A,search,6565.00,487,616.17,21.00,321.16
5/10/22,A,search,4226.00,908,211.44,51.00,765.35
5/11/22,A,search,3153.00,973,503.8,66.00,989.29
5/12/22,A,search,8745.00,851,834.97,4.00,60.75
5/13/22,A,search,1403.00,386,455.51,24.00,354.57
5/14/22,A,search,9753.00,941,105.39,56.00,844.51
5/15/22,A,search,7226.00,280,529.08,5.00,72.61
5/16/22,A,search,5706.00,843,764.97,13.00,193.32
5/17/22,A,search,109.00,698,909.37,2.00,32.89
5/18/22,A,search,3400.00,794,629.16,63.00,946.44
5/19/22,A,search,9070.00,351,668.26,36.00,540.32
5/20/22,A,search,5676.00,97,357.9,47.00,707.94
5/21/22,A,search,9942.00,122,994.49,57.00,848.04
5/22/22,A,search,6024.00,258,277.47,19.00,290.72
5/23/22,A,search,3145.00,113,147.37,3.00,43.79
5/24/22,A,search,9286.00,634,932.67,59.00,888.17
5/25/22,A,search,4654.00,842,539.97,38.00,568.38
5/26/22,A,search,299.00,276,828.83,8.00,120.71
5/27/22,A,search,9627.00,801,477.07,13.00,198.6
5/28/22,A,search,7210.00,306,560.81,2.00,28.02
5/29/22,A,search,7612.00,393,712.29,31.00,467.29
5/30/22,A,search,9457.00,218,315.13,9.00,129.87
5/31/22,A,search,7935.00,738,784.87,26.00,384.66
6/1/22,A,search,4324.00,771,727.11,8.00,125.41
6/2/22,A,search,7774.00,945,568.98,33.00,496.82
6/3/22,A,search,7143.00,212,515.12,39.00,589.93
6/4/22,A,search,3207.00,61,258.52,54.00,810.82
6/5/22,A,search,9669.00,917,284.91,61.00,915.13
6/6/22,A,search,1530.00,39,366.41,6.00,96.5
6/7/22,A,search,5582.00,235,875.69,67.00,998.14
6/8/22,A,search,6115.00,403,626.97,28.00,418.48
6/9/22,A,search,3750.00,381,311.02,33.00,497.33
6/10/22,A,search,7025.00,763,144.33,3.00,51.35
6/11/22,A,search,5925.00,922,80.54,30.00,450.12
6/12/22,A,search,7226.00,290,326.67,40.00,604.81
6/13/22,A,search,2216.00,510,896.55,38.00,573.66
6/14/22,A,search,2239.00,717,845.38,59.00,890.47
6/15/22,A,search,2239.00,353,329.73,44.00,664.46
6/16/22,A,search,1924.00,332,63.97,49.00,739.63
6/17/22,A,search,9946.00,426,847.25,48.00,723.18
6/18/22,A,search,8165.00,961,482.62,24.00,357.64
6/19/22,A,search,9452.00,284,332.75,64.00,963.11
6/20/22,A,search,6607.00,994,413.92,55.00,827.02
6/21/22,A,search,7898.00,657,193.16,52.00,773.68
6/22/22,A,search,1209.00,724,574.49,6.00,90.08
6/23/22,A,search,1833.00,439,53.59,34.00,505.31
6/24/22,A,search,2265.00,277,272.13,43.00,641.8
6/25/22,A,search,2497.00,196,268.77,56.00,844.17
6/26/22,A,search,6677.00,568,451.3,16.00,242.24
6/27/22,A,search,9339.00,145,450.76,22.00,324.68
6/28/22,A,search,8445.00,680,449.95,49.00,727.72
6/29/22,A,search,3274.00,101,105.38,21.00,311.42
6/30/22,A,search,3997.00,821,132.12,7.00,103.69
7/1/22,A,search,3573.00,373,363.12,48.00,715.9
7/2/22,A,search,1125.00,737,261,59.00,881.45
7/3/22,A,search,3814.00,371,184.03,15.00,226.43
7/4/22,A,search,4892.00,36,309.61,9.00,139.56
7/5/22,A,search,5640.00,597,659.23,12.00,177.76
7/6/22,A,search,6451.00,169,523.08,19.00,282.23
7/7/22,A,search,7646.00,392,250.94,52.00,778.16
7/8/22,A,search,9132.00,434,442.43,7.00,99.69
7/9/22,A,search,6933.00,618,251.14,18.00,271.3
7/10/22,A,search,6936.00,812,977.91,11.00,162.44
7/11/22,A,search,8097.00,604,893.36,23.00,345.97
7/12/22,A,search,2643.00,900,936.18,67.00,997.79
7/13/22,A,search,2850.00,519,293.02,42.00,622.8
7/14/22,A,search,4335.00,682,226.81,19.00,280.24
7/15/22,A,search,8150.00,698,15.09,65.00,971.65
7/16/22,A,search,3075.00,514,83.07,48.00,718.96
7/17/22,A,search,3925.00,105,827.05,34.00,512.87
7/18/22,A,search,3040.00,782,762.85,58.00,870.54
7/19/22,A,search,6332.00,639,327.07,44.00,666.59
7/20/22,A,search,6045.00,652,576.94,26.00,392.72
7/21/22,A,search,9075.00,248,364.07,54.00,813.31
7/22/22,A,search,4343.00,875,412.51,44.00,664.64
7/23/22,A,search,3306.00,140,961.86,19.00,281.03
7/24/22,A,search,8159.00,708,836.05,3.00,48.11
7/25/22,A,search,2435.00,71,856.76,5.00,67.81
7/26/22,A,search,8604.00,816,63.22,33.00,487.82
7/27/22,A,search,1084.00,591,964.2,65.00,974.19
7/28/22,A,search,7037.00,144,369.21,15.00,224.17
7/29/22,A,search,9846.00,827,313.28,19.00,283.35
7/30/22,A,search,2962.00,820,412.45,10.00,143.95
7/31/22,A,search,8500.00,654,421.85,35.00,526.08
8/1/22,A,search,5134.00,797,413.04,31.00,461.15
8/2/22,A,search,2868.00,622,98.15,54.00,813.1
8/3/22,A,search,6865.00,659,784.11,35.00,528.39
8/4/22,A,search,6100.00,289,867.09,26.00,386.15
8/5/22,A,search,1698.00,597,95.59,21.00,308.79
8/6/22,A,search,4241.00,736,631.88,50.00,752.54
8/7/22,A,search,2557.00,513,641.85,32.00,472.81
8/8/22,A,search,2547.00,539,472.56,9.00,128.71
8/9/22,A,search,2514.00,267,674.52,8.00,121.37
8/10/22,A,search,597.00,741,218.48,41.00,616.64
8/11/22,A,search,8493.00,153,388.86,64.00,961.07
8/12/22,A,search,1077.00,95,783.11,60.00,898.89
8/13/22,A,search,7720.00,302,329.86,17.00,257.89
8/14/22,A,search,6081.00,601,609.78,40.00,602.4
8/15/22,A,search,3418.00,126,836.81,13.00,192.92
8/16/22,A,search,8811.00,637,389.87,44.00,655.83
8/17/22,A,search,8696.00,35,422.7,34.00,506.65
8/18/22,A,search,30.00,567,803.34,38.00,568.95
8/19/22,A,search,1150.00,528,411.69,29.00,436.39
8/20/22,A,search,5521.00,529,57.93,24.00,356.06
8/21/22,A,search,1150.00,890,640.21,53.00,789.39
8/22/22,A,search,9038.00,474,753.44,60.00,893.42
8/23/22,A,search,6682.00,868,949.54,65.00,978.15
8/24/22,A,search,1020.00,9,528.71,50.00,744.31
8/25/22,A,search,123.00,142,421.17,21.00,307.52
8/26/22,A,search,9359.00,788,167.73,14.00,209
8/27/22,A,search,4016.00,473,16.28,64.00,954.17
8/28/22,A,search,6957.00,728,135.01,21.00,319.16
8/29/22,A,search,238.00,139,786.88,17.00,262.09
8/30/22,A,search,6377.00,181,296.3,34.00,515.09
8/31/22,A,search,5340.00,195,109.04,63.00,939.43
9/1/22,A,search,2836.00,457,435.58,41.00,616.53
9/2/22,A,search,7734.00,7,672.54,22.00,323.61
9/3/22,A,search,9262.00,971,293.6,21.00,315.91
9/4/22,A,search,4417.00,27,529.7,35.00,530.22
9/5/22,A,search,8869.00,565,787.83,47.00,702.65
9/6/22,A,search,6721.00,671,803.64,30.00,450.11
9/7/22,A,search,3551.00,318,566.21,63.00,940.4
9/8/22,A,search,8015.00,319,502.37,36.00,537.85
9/9/22,A,search,2182.00,403,205.16,0.00,0.64
9/10/22,A,search,9937.00,948,819.81,65.00,970.54
9/11/22,A,search,3507.00,562,295.67,64.00,960.84
9/12/22,A,search,325.00,484,569.29,55.00,828.4
9/13/22,A,search,5702.00,668,156.8,29.00,430.88
9/14/22,A,search,7092.00,248,204.95,39.00,578.66
9/15/22,A,search,3001.00,705,170.66,14.00,213.38
9/16/22,A,search,6160.00,771,7.93,35.00,532.49
9/17/22,A,search,4198.00,3,298.4,32.00,486.99
9/18/22,A,search,5095.00,500,18.04,38.00,572.77
9/19/22,A,search,9214.00,796,468.21,46.00,690.65
9/20/22,A,search,9897.00,294,73.16,4.00,52.6
9/21/22,A,search,1490.00,566,261.55,41.00,613.04
9/22/22,A,search,5807.00,66,131.68,34.00,506.93
9/23/22,A,search,176.00,625,111.69,2.00,25.1
9/24/22,A,search,3817.00,650,908.66,9.00,129.31
9/25/22,A,search,2834.00,878,81.01,62.00,929.26
9/26/22,A,search,1580.00,107,734.88,53.00,798.73
9/27/22,A,search,2066.00,695,429,23.00,349.47
9/28/22,A,search,8007.00,205,294.34,29.00,437.79
9/29/22,A,search,2865.00,448,672.98,12.00,176.66
9/30/22,A,search,4988.00,96,256.92,26.00,383.79
10/1/22,A,search,5509.00,810,363.71,55.00,819
10/2/22,A,search,3672.00,499,748.77,38.00,565.71
10/3/22,A,search,7239.00,986,617.29,9.00,134.81
10/4/22,A,search,9331.00,154,659.26,57.00,854.43
10/5/22,A,search,9336.00,566,185.15,17.00,262.47
10/6/22,A,search,7439.00,273,15.59,12.00,184.34
10/7/22,A,search,82.00,415,34.39,40.00,596.14
10/8/22,A,search,1177.00,890,620.37,60.00,898.67
10/9/22,A,search,7057.00,834,661.54,58.00,865.86
10/10/22,A,search,8537.00,554,17.77,8.00,124.18
10/11/22,A,search,9165.00,2,703.48,58.00,863.82
10/12/22,A,search,4371.00,102,292.79,25.00,371.72
10/13/22,A,search,462.00,978,721.38,10.00,151.41
10/14/22,A,search,7673.00,648,297.77,39.00,583.65
10/15/22,A,search,9595.00,581,664.39,56.00,846.17
10/16/22,A,search,5555.00,64,553.12,28.00,416.42
10/17/22,A,search,8252.00,745,382.43,58.00,864.72
10/18/22,A,search,6763.00,216,565.8,8.00,118.57
10/19/22,A,search,9139.00,559,7.99,47.00,707.44
10/20/22,A,search,4117.00,850,608.3,15.00,228.65
10/21/22,A,search,872.00,898,626.78,35.00,523.86
10/22/22,A,search,950.00,65,321.27,15.00,222.4
10/23/22,A,search,61.00,302,86.47,52.00,784.35
10/24/22,A,search,4382.00,192,480.91,19.00,286.2
10/25/22,A,search,8231.00,290,557.39,52.00,774.55
10/26/22,A,search,127.00,591,747.3,60.00,895.76
10/27/22,A,search,4101.00,804,110.66,42.00,624.93
10/28/22,A,search,9271.00,751,857.7,4.00,66.41
10/29/22,A,search,1498.00,468,602.55,12.00,177.35
10/30/22,A,search,6096.00,543,188.16,26.00,384.69
10/31/22,A,search,6306.00,624,642.5,33.00,489.1
11/1/22,A,search,65.00,986,980.14,60.00,898.02
11/2/22,A,search,1903.00,361,425.03,59.00,878.97
11/3/22,A,search,6373.00,210,698.31,48.00,727.22
11/4/22,A,search,9674.00,936,411.28,56.00,838.42
11/5/22,A,search,4970.00,853,185.2,52.00,782.46
11/6/22,A,search,5808.00,925,310.53,58.00,865.77
11/7/22,A,search,333.00,983,191.14,61.00,919.08
11/8/22,A,search,7370.00,611,966.6,60.00,904.91
11/9/22,A,search,8835.00,379,634.33,20.00,300.25
11/10/22,A,search,2030.00,160,869.91,30.00,447.31
11/11/22,A,search,4140.00,816,590.59,17.00,248.61
11/12/22,A,search,498.00,859,947.17,65.00,969.47
11/13/22,A,search,3635.00,543,598.91,53.00,788.58
11/14/22,A,search,5198.00,465,551.9,27.00,409.18
11/15/22,A,search,12625.00,1963,1442.6,320.00,4794.09
11/16/22,A,search,19680.00,1631,1487.48,279.00,4191.3
11/17/22,A,search,16838.00,1510,1116.09,290.00,4351.05
11/18/22,A,search,18467.00,1960,1467.26,277.00,4151.58
11/19/22,A,search,14919.00,1263,1675.86,286.00,4293.85
11/20/22,A,search,15765.00,1126,1846.47,279.00,4184.34
11/21/22,A,search,17365.00,1726,1971.76,310.00,4647.71
11/22/22,A,search,10266.00,1543,1946.22,316.00,4745.72
11/23/22,A,search,14307.00,1113,1554.88,287.00,4298.79
11/24/22,A,search,11201.00,1305,1477.98,312.00,4676.13
11/25/22,A,search,16041.00,1585,1515.17,293.00,4395.01
11/26/22,A,search,15687.00,1461,1502.8,287.00,4302.28
11/27/22,A,search,16599.00,1631,1192.63,322.00,4836.73
11/28/22,A,search,11912.00,1215,1508.97,331.00,4959.37
11/29/22,A,search,18061.00,1278,1058.8,297.00,4453.32
11/30/22,A,search,18429.00,1737,1141.65,306.00,4588.64
12/1/22,A,search,16297.00,1847,1187.68,293.00,4394.35
12/2/22,A,search,19736.00,1591,1054.19,310.00,4647.29
12/3/22,A,search,14962.00,1948,1546.77,322.00,4830.75
12/4/22,A,search,19735.00,1291,1206.28,302.00,4525.39
12/5/22,A,search,12915.00,1752,1050.69,329.00,4936.5
12/6/22,A,search,14472.00,1975,1473.48,315.00,4725.9
12/7/22,A,search,15720.00,1695,1618.39,284.00,4259.25
12/8/22,A,search,13854.00,1849,1596.9,307.00,4597.83
12/9/22,A,search,10459.00,1445,1663.9,271.00,4060.47
12/10/22,A,search,18747.00,1796,1396.78,272.00,4085.85
12/11/22,A,search,13252.00,1551,1451.43,302.00,4536.84
12/12/22,A,search,11437.00,1056,1272.64,293.00,4399.32
12/13/22,A,search,19116.00,1282,1560.23,311.00,4665.97
12/14/22,A,search,15996.00,1361,1812.67,282.00,4226.43
12/15/22,A,search,19757.00,1304,1372.69,273.00,4102.12
12/16/22,A,search,11410.00,1447,1614.53,290.00,4351.24
12/17/22,A,search,12062.00,1805,1659.75,271.00,4067.35
12/18/22,A,search,16449.00,1186,1649.36,332.00,4978.67
12/19/22,A,search,15280.00,1367,1006.99,328.00,4922.14
12/20/22,A,search,15260.00,1398,1310.61,320.00,4799.61
12/21/22,A,search,10786.00,1885,1123.41,324.00,4860.05
12/22/22,A,search,11253.00,1701,1330.23,297.00,4452.96
12/23/22,A,search,16758.00,1486,1786.36,295.00,4430.62
12/24/22,A,search,10898.00,1620,1040.73,297.00,4461.5
12/25/22,A,search,19750.00,1380,1274.41,301.00,4511.34
12/26/22,A,search,10312.00,1382,1719.66,274.00,4106.95
12/27/22,A,search,11566.00,1750,1829.43,317.00,4753.14
12/28/22,A,search,15359.00,1629,1081.85,315.00,4722.21
12/29/22,A,search,11786.00,1079,1313.95,329.00,4928.54
12/30/22,A,search,16386.00,1151,1054.42,324.00,4865.34
12/31/22,A,search,12918.00,1764,1870.62,288.00,4320.91
1/1/22,A,social,5383.00,373,359.44,53.00,789.71
1/2/22,A,social,3229.00,74,778.14,10.00,154.14
1/3/22,A,social,4991.00,479,903.55,60.00,893.81
1/4/22,A,social,2757.00,622,330.7,44.00,657.33
1/5/22,A,social,777.00,438,570.13,43.00,640.87
1/6/22,A,social,1966.00,764,873.33,25.00,374.25
1/7/22,A,social,978.00,101,734.15,39.00,589.42
1/8/22,A,social,975.00,68,509.97,45.00,680.48
1/9/22,A,social,7483.00,154,704.95,15.00,226.87
1/10/22,A,social,2589.00,445,119.82,20.00,306.66
1/11/22,A,social,4773.00,355,519.3,32.00,477.36
1/12/22,A,social,3496.00,877,223.34,0.00,3.43
1/13/22,A,social,8406.00,57,446.1,62.00,925.56
1/14/22,A,social,973.00,190,959.67,49.00,736.38
1/15/22,A,social,3948.00,193,88.12,58.00,877.13
1/16/22,A,social,4714.00,370,495.46,42.00,635.94
1/17/22,A,social,2830.00,417,335.31,4.00,59.58
1/18/22,A,social,6802.00,517,464.46,63.00,940.61
1/19/22,A,social,5530.00,125,373.19,50.00,754.07
1/20/22,A,social,9921.00,705,283.86,6.00,83.9
1/21/22,A,social,4199.00,445,763.85,6.00,93.83
1/22/22,A,social,2398.00,795,715.08,12.00,174.81
1/23/22,A,social,5755.00,642,765.18,4.00,56.94
1/24/22,A,social,1243.00,67,3.57,40.00,595.68
1/25/22,A,social,7587.00,287,864.53,34.00,517.12
1/26/22,A,social,3886.00,621,766.11,26.00,383.85
1/27/22,A,social,3801.00,827,49.43,8.00,126.99
1/28/22,A,social,5756.00,857,849.42,66.00,985.75
1/29/22,A,social,4915.00,46,596.95,34.00,506.37
1/30/22,A,social,2494.00,259,117.27,7.00,106.83
1/31/22,A,social,5961.00,936,418.92,32.00,475.02
2/1/22,A,social,4321.00,518,458.06,62.00,933.19
2/2/22,A,social,7810.00,247,720.49,46.00,688.75
2/3/22,A,social,3024.00,390,658.88,30.00,454.38
2/4/22,A,social,3601.00,570,252.33,17.00,249.71
2/5/22,A,social,5668.00,555,837.49,26.00,386.86
2/6/22,A,social,305.00,157,553.63,14.00,202.68
2/7/22,A,social,3639.00,477,505.32,53.00,800.88
2/8/22,A,social,8530.00,331,518.45,32.00,486.84
2/9/22,A,social,8872.00,559,108.07,23.00,339.87
2/10/22,A,social,9812.00,887,465.37,23.00,347.03
2/11/22,A,social,3304.00,260,265.18,53.00,787.7
2/12/22,A,social,8145.00,245,772.86,44.00,655.62
2/13/22,A,social,1863.00,290,982.7,17.00,257.67
2/14/22,A,social,5828.00,746,430.22,52.00,776.38
2/15/22,A,social,773.00,17,370.43,12.00,176.56
2/16/22,A,social,815.00,232,844.12,53.00,791.4
2/17/22,A,social,3986.00,200,559.08,14.00,206.19
2/18/22,A,social,2107.00,938,494.95,56.00,838.47
2/19/22,A,social,8027.00,860,955.48,33.00,494.54
2/20/22,A,social,9554.00,746,662.51,29.00,437.51
2/21/22,A,social,6889.00,506,127.83,56.00,845.12
2/22/22,A,social,27.00,40,356.11,35.00,517.57
2/23/22,A,social,5469.00,497,80.65,19.00,283.79
2/24/22,A,social,1937.00,137,660.59,56.00,838.61
2/25/22,A,social,4545.00,291,108.79,30.00,446.44
2/26/22,A,social,8302.00,479,731.73,40.00,593.49
2/27/22,A,social,2142.00,21,551.18,32.00,474.34
2/28/22,A,social,4666.00,38,784.82,22.00,326.5
3/1/22,A,social,849.00,810,310.49,28.00,424.43
3/2/22,A,social,7368.00,586,825.37,28.00,424.2
3/3/22,A,social,5512.00,510,176.19,12.00,174.74
3/4/22,A,social,722.00,460,658.92,25.00,371.87
3/5/22,A,social,6256.00,559,621.98,16.00,243.84
3/6/22,A,social,2374.00,882,786.36,21.00,319.41
3/7/22,A,social,5552.00,571,550.64,26.00,390.23
3/8/22,A,social,4043.00,658,526.85,15.00,225.48
3/9/22,A,social,3576.00,433,732.66,10.00,152.57
3/10/22,A,social,5874.00,339,833.44,17.00,253.16
3/11/22,A,social,5520.00,904,824.59,15.00,220.83
3/12/22,A,social,3054.00,593,933.12,51.00,760.88
3/13/22,A,social,4368.00,907,661.65,32.00,478.91
3/14/22,A,social,4728.00,772,203.7,17.00,257.7
3/15/22,A,social,3297.00,516,968.88,34.00,510.91
3/16/22,A,social,4280.00,936,132.06,37.00,554.54
3/17/22,A,social,8995.00,865,321.52,64.00,955.21
3/18/22,A,social,9196.00,722,266.34,46.00,694.77
3/19/22,A,social,4008.00,475,521.96,52.00,781.17
3/20/22,A,social,581.00,169,688.72,31.00,459.51
3/21/22,A,social,4441.00,889,503.91,10.00,157.44
3/22/22,A,social,4517.00,302,885.62,66.00,989.59
3/23/22,A,social,8433.00,230,915.93,6.00,86.58
3/24/22,A,social,7653.00,258,728.19,64.00,960.73
3/25/22,A,social,3883.00,596,238.75,51.00,769.37
3/26/22,A,social,8793.00,835,448.35,36.00,538.36
3/27/22,A,social,8917.00,768,254.13,21.00,312.16
3/28/22,A,social,6847.00,462,202.08,16.00,239.91
3/29/22,A,social,914.00,983,160.17,25.00,376.21
3/30/22,A,social,5358.00,540,93.44,64.00,961.02
3/31/22,A,social,9516.00,720,832.01,9.00,127.51
4/1/22,A,social,6762.00,493,571.04,39.00,588.8
4/2/22,A,social,10000.00,27,409.9,35.00,527.68
4/3/22,A,social,5865.00,27,447.66,53.00,788.12
4/4/22,A,social,7521.00,568,36.77,44.00,655.75
4/5/22,A,social,7562.00,477,72.5,65.00,976.45
4/6/22,A,social,7750.00,478,696.27,64.00,964.67
4/7/22,A,social,6384.00,8,173.11,47.00,699.57
4/8/22,A,social,7928.00,211,905.18,48.00,716.35
4/9/22,A,social,640.00,645,912.08,39.00,591.25
4/10/22,A,social,7817.00,685,782.79,61.00,919.21
4/11/22,A,social,827.00,404,84.05,18.00,272.37
4/12/22,A,social,6951.00,618,165.12,45.00,672.41
4/13/22,A,social,3116.00,620,476.76,16.00,242.71
4/14/22,A,social,3876.00,18,236.46,23.00,345.38
4/15/22,A,social,7052.00,823,97.43,37.00,553.16
4/16/22,A,social,7699.00,437,605.18,26.00,383.56
4/17/22,A,social,3993.00,436,26.45,66.00,988.63
4/18/22,A,social,2668.00,238,149.09,5.00,80.61
4/19/22,A,social,9301.00,272,890.97,60.00,893.92
4/20/22,A,social,6412.00,486,416.49,57.00,861.11
4/21/22,A,social,9761.00,705,102.14,67.00,998.83
4/22/22,A,social,4706.00,380,803.3,28.00,423.23
4/23/22,A,social,1163.00,146,357.81,60.00,899.87
4/24/22,A,social,1212.00,223,798.59,51.00,768.05
4/25/22,A,social,9000.00,454,912.76,33.00,487.78
4/26/22,A,social,320.00,309,170.95,63.00,943.95
4/27/22,A,social,688.00,151,316.43,50.00,745.41
4/28/22,A,social,3405.00,531,165.12,63.00,943.12
4/29/22,A,social,7499.00,100,428.14,32.00,478.95
4/30/22,A,social,1957.00,417,954.73,36.00,536.52
5/1/22,A,social,691.00,19,965.61,48.00,717.3
5/2/22,A,social,383.00,320,907.63,28.00,420.14
5/3/22,A,social,4072.00,94,227.31,45.00,673.74
5/4/22,A,social,3961.00,924,328.79,35.00,527.35
5/5/22,A,social,2079.00,635,815.4,51.00,765.31
5/6/22,A,social,4646.00,624,110.5,31.00,469.1
5/7/22,A,social,6189.00,681,375.72,14.00,207.44
5/8/22,A,social,7380.00,904,609.54,42.00,628.57
5/9/22,A,social,2078.00,435,384.83,63.00,937.73
5/10/22,A,social,3749.00,429,405.54,43.00,637.87
5/11/22,A,social,5694.00,378,330.9,54.00,806.68
5/12/22,A,social,8676.00,2,497.31,55.00,827.08
5/13/22,A,social,9817.00,901,387.87,17.00,254.5
5/14/22,A,social,7196.00,744,398.11,0.00,0.16
5/15/22,A,social,9477.00,812,71.15,9.00,137.66
5/16/22,A,social,7963.00,919,262.69,58.00,877.13
5/17/22,A,social,7439.00,417,660.46,1.00,8.23
5/18/22,A,social,6652.00,168,166.32,62.00,923.39
5/19/22,A,social,8119.00,867,828.8,34.00,513.34
5/20/22,A,social,5236.00,993,315.62,49.00,732.06
5/21/22,A,social,9479.00,928,701.96,42.00,623.19
5/22/22,A,social,4866.00,650,239.1,52.00,781.22
5/23/22,A,social,2011.00,714,991.97,30.00,448.94
5/24/22,A,social,6550.00,595,335.25,41.00,615.03
5/25/22,A,social,2077.00,438,687.21,16.00,234.45
5/26/22,A,social,2921.00,49,910.22,3.00,48.89
5/27/22,A,social,841.00,893,577.24,36.00,543.19
5/28/22,A,social,9648.00,999,953.2,3.00,51.94
5/29/22,A,social,2584.00,752,712.64,64.00,956.38
5/30/22,A,social,8195.00,482,872.89,35.00,521.79
5/31/22,A,social,1747.00,513,755.03,43.00,637.99
6/1/22,A,social,1121.00,259,118.6,47.00,707.89
6/2/22,A,social,332.00,702,623.92,19.00,288.95
6/3/22,A,social,3860.00,143,20.19,21.00,320.67
6/4/22,A,social,8868.00,395,206.21,12.00,179.16
6/5/22,A,social,8719.00,859,404.26,16.00,247.49
6/6/22,A,social,4580.00,559,127.55,52.00,774.95
6/7/22,A,social,8804.00,567,545.83,51.00,759.45
6/8/22,A,social,5891.00,790,756.69,49.00,741.48
6/9/22,A,social,9568.00,921,539.96,66.00,985.26
6/10/22,A,social,4942.00,663,672.22,28.00,415.46
6/11/22,A,social,2418.00,224,882.07,47.00,702.3
6/12/22,A,social,6934.00,460,146.8,54.00,815.3
6/13/22,A,social,1774.00,599,620.74,11.00,165.5
6/14/22,A,social,4040.00,187,496.75,15.00,220.37
6/15/22,A,social,5561.00,158,482.58,32.00,482.65
6/16/22,A,social,7290.00,763,572.76,7.00,98.21
6/17/22,A,social,3853.00,672,72.37,41.00,621.41
6/18/22,A,social,6957.00,757,118.17,47.00,700.14
6/19/22,A,social,4666.00,517,750.47,55.00,827.89
6/20/22,A,social,3431.00,144,688.83,34.00,507.54
6/21/22,A,social,2141.00,886,141.28,27.00,402.01
6/22/22,A,social,4063.00,815,199.87,49.00,732.64
6/23/22,A,social,6377.00,809,926.44,46.00,697.3
6/24/22,A,social,9129.00,550,62.01,41.00,618.43
6/25/22,A,social,391.00,807,847.73,34.00,511.91
6/26/22,A,social,3282.00,729,968.69,18.00,273.85
6/27/22,A,social,1748.00,373,9.22,33.00,491.12
6/28/22,A,social,3782.00,681,466.6,43.00,646.17
6/29/22,A,social,8725.00,874,877.53,54.00,811.04
6/30/22,A,social,1160.00,273,979.89,49.00,732.09
7/1/22,A,social,8088.00,162,496.92,53.00,791.04
7/2/22,A,social,7879.00,282,836.24,62.00,934.32
7/3/22,A,social,74.00,234,621.45,41.00,608.94
7/4/22,A,social,6655.00,211,664.69,0.00,2.63
7/5/22,A,social,7143.00,334,236.54,19.00,291.37
7/6/22,A,social,4081.00,430,175.25,59.00,886.58
7/7/22,A,social,6970.00,731,545.68,5.00,77.67
7/8/22,A,social,6097.00,763,105.35,36.00,539.72
7/9/22,A,social,1334.00,494,877.75,24.00,366.58
7/10/22,A,social,8578.00,724,905.53,53.00,796.42
7/11/22,A,social,6638.00,620,530.93,7.00,109.92
7/12/22,A,social,5939.00,182,555.04,28.00,418.31
7/13/22,A,social,4581.00,997,429.67,3.00,39.18
7/14/22,A,social,8127.00,975,147.22,35.00,523.24
7/15/22,A,social,1837.00,633,751.76,0.00,1.44
7/16/22,A,social,6842.00,96,930.81,31.00,465.06
7/17/22,A,social,4560.00,452,428.84,65.00,976.68
7/18/22,A,social,7341.00,719,804.36,46.00,691.91
7/19/22,A,social,8053.00,59,201.17,44.00,664.88
7/20/22,A,social,4717.00,512,676.94,47.00,699.73
7/21/22,A,social,6369.00,252,253.8,35.00,523.45
7/22/22,A,social,4466.00,418,683.51,36.00,545.48
7/23/22,A,social,6436.00,405,498.43,55.00,821.45
7/24/22,A,social,8171.00,602,733.85,8.00,124.63
7/25/22,A,social,1008.00,334,704.3,9.00,135.02
7/26/22,A,social,9923.00,742,209.8,36.00,532.83
7/27/22,A,social,8968.00,847,109.86,48.00,721.49
7/28/22,A,social,7274.00,346,323.73,14.00,208.55
7/29/22,A,social,7089.00,233,508.17,20.00,298.11
7/30/22,A,social,1132.00,824,335.23,11.00,160.97
7/31/22,A,social,1570.00,527,833.08,65.00,978.66
8/1/22,A,social,9578.00,791,38.8,22.00,323.22
8/2/22,A,social,9312.00,489,425.01,26.00,396.44
8/3/22,A,social,4962.00,873,599.5,24.00,361.93
8/4/22,A,social,3382.00,148,906.61,19.00,277.89
8/5/22,A,social,9636.00,597,917,15.00,229.39
8/6/22,A,social,8618.00,162,306,55.00,832.47
8/7/22,A,social,7250.00,525,293.61,31.00,464.55
8/8/22,A,social,5888.00,671,934.35,33.00,490.52
8/9/22,A,social,4990.00,231,937.21,24.00,355.25
8/10/22,A,social,5490.00,790,111.83,6.00,86.32
8/11/22,A,social,2035.00,205,454,34.00,515.77
8/12/22,A,social,7861.00,732,368.88,2.00,36.86
8/13/22,A,social,3423.00,975,158.53,57.00,850.74
8/14/22,A,social,8550.00,615,57.2,10.00,144.51
8/15/22,A,social,8355.00,800,214.76,24.00,358.17
8/16/22,A,social,117.00,910,718.47,48.00,723.49
8/17/22,A,social,9787.00,617,947.12,39.00,577.73
8/18/22,A,social,7369.00,665,718.15,63.00,946.51
8/19/22,A,social,4153.00,4,141.77,45.00,679.83
8/20/22,A,social,546.00,804,299.79,26.00,395.83
8/21/22,A,social,512.00,565,482.05,19.00,291.84
8/22/22,A,social,2736.00,451,850.24,37.00,562.23
8/23/22,A,social,9646.00,470,292.02,33.00,492.62
8/24/22,A,social,5991.00,28,796.98,32.00,473.54
8/25/22,A,social,1500.00,926,37.29,2.00,33.07
8/26/22,A,social,48.00,894,359.94,65.00,979.83
8/27/22,A,social,7507.00,993,160.67,23.00,342.61
8/28/22,A,social,8910.00,192,565.86,64.00,966.41
8/29/22,A,social,5050.00,168,319.03,29.00,441.96
8/30/22,A,social,9740.00,801,16.74,4.00,52.67
8/31/22,A,social,1250.00,378,350.7,16.00,244.1
9/1/22,A,social,440.00,90,934.29,62.00,928.16
9/2/22,A,social,340.00,828,221.79,40.00,599.79
9/3/22,A,social,3977.00,912,99.15,48.00,725.05
9/4/22,A,social,8599.00,378,578.37,18.00,263.11
9/5/22,A,social,9860.00,633,584.31,1.00,17.93
9/6/22,A,social,5362.00,767,800.71,49.00,739
9/7/22,A,social,9889.00,129,416.53,53.00,799.19
9/8/22,A,social,6913.00,340,316.85,14.00,211.47
9/9/22,A,social,5356.00,696,98.99,30.00,445
9/10/22,A,social,7183.00,967,796.38,54.00,815.01
9/11/22,A,social,1521.00,172,351.95,20.00,296.68
9/12/22,A,social,8751.00,90,296.9,21.00,318.34
9/13/22,A,social,4539.00,205,817.94,50.00,743.34
9/14/22,A,social,941.00,495,472.96,3.00,38.3
9/15/22,A,social,640.00,951,957.98,17.00,251.97
9/16/22,A,social,9338.00,313,276.63,39.00,589.88
9/17/22,A,social,8861.00,708,49.26,35.00,531.21
9/18/22,A,social,5497.00,155,120.86,21.00,315.25
9/19/22,A,social,6351.00,780,606.44,53.00,797.19
9/20/22,A,social,8950.00,446,900.95,17.00,261.04
9/21/22,A,social,3944.00,456,387.82,30.00,442.88
9/22/22,A,social,3274.00,696,453.32,52.00,787.32
9/23/22,A,social,5284.00,748,462.76,25.00,380.01
9/24/22,A,social,5470.00,494,271.85,9.00,128.77
9/25/22,A,social,8501.00,726,688.33,17.00,255.94
9/26/22,A,social,2969.00,153,414.6,28.00,421.36
9/27/22,A,social,6766.00,671,628.32,28.00,424.4
9/28/22,A,social,4910.00,926,165.41,17.00,250.11
9/29/22,A,social,6055.00,260,685.41,2.00,33.51
9/30/22,A,social,9434.00,782,76.95,26.00,390.62
10/1/22,A,social,4894.00,261,90.58,50.00,749.57
10/2/22,A,social,3844.00,119,631.91,16.00,244.34
10/3/22,A,social,4393.00,378,554.66,56.00,845.43
10/4/22,A,social,701.00,804,57.16,32.00,479.86
10/5/22,A,social,1155.00,836,546.08,40.00,605.92
10/6/22,A,social,9565.00,665,909.89,39.00,592.29
10/7/22,A,social,9208.00,435,35.04,64.00,962.31
10/8/22,A,social,1582.00,562,198.98,16.00,233.89
10/9/22,A,social,9872.00,127,958.12,59.00,889.87
10/10/22,A,social,9287.00,395,324.55,66.00,993.31
10/11/22,A,social,5175.00,962,833.93,59.00,884.79
10/12/22,A,social,1446.00,948,383.62,13.00,196.28
10/13/22,A,social,1298.00,140,428.07,32.00,476.93
10/14/22,A,social,3627.00,20,401.9,59.00,886.12
10/15/22,A,social,2802.00,979,420.38,18.00,266.4
10/16/22,A,social,3836.00,377,287.31,46.00,692.81
10/17/22,A,social,1341.00,930,877.17,32.00,478.39
10/18/22,A,social,13.00,804,928.63,30.00,445.38
10/19/22,A,social,1781.00,128,5.66,7.00,107.81
10/20/22,A,social,4492.00,997,852.01,10.00,157.04
10/21/22,A,social,5970.00,595,103.45,41.00,609.14
10/22/22,A,social,6441.00,178,133.29,45.00,668.09
10/23/22,A,social,2887.00,201,939.33,5.00,78.13
10/24/22,A,social,9716.00,708,823.52,54.00,812.81
10/25/22,A,social,4552.00,650,227.3,19.00,278.07
10/26/22,A,social,2690.00,561,581.07,34.00,516.87
10/27/22,A,social,5596.00,161,72.61,30.00,452.36
10/28/22,A,social,470.00,125,761.38,54.00,808.08
10/29/22,A,social,5292.00,92,845.95,55.00,820.97
10/30/22,A,social,2612.00,733,823.68,55.00,822.85
10/31/22,A,social,7175.00,471,485.03,5.00,78.37
11/1/22,A,social,7035.00,581,353.93,53.00,787.66
11/2/22,A,social,4439.00,360,284.06,42.00,623.81
11/3/22,A,social,7018.00,297,734.68,32.00,475.35
11/4/22,A,social,7999.00,34,423.18,18.00,274.96
11/5/22,A,social,9425.00,419,388.68,18.00,272.05
11/6/22,A,social,7769.00,628,220.33,42.00,632.43
11/7/22,A,social,272.00,537,791.62,55.00,820.23
11/8/22,A,social,1244.00,492,871.5,14.00,209.83
11/9/22,A,social,1650.00,123,714.49,36.00,537.17
11/10/22,A,social,5486.00,747,917.08,61.00,920.43
11/11/22,A,social,1384.00,140,504.52,16.00,233.24
11/12/22,A,social,1193.00,399,78.62,36.00,546.69
11/13/22,A,social,2003.00,195,505.28,35.00,531.86
11/14/22,A,social,720.00,516,712.84,62.00,928.42
11/15/22,A,social,16229.00,2305,938.16,167.00,2509.25
11/16/22,A,social,16415.00,2165,805.87,196.00,2942.74
11/17/22,A,social,17150.00,2845,1041.92,165.00,2469.15
11/18/22,A,social,18391.00,2137,1292.63,187.00,2811.35
11/19/22,A,social,12748.00,2936,1468.14,146.00,2192.5
11/20/22,A,social,15090.00,2547,826.82,149.00,2236.28
11/21/22,A,social,10091.00,2992,1030.26,184.00,2762.96
11/22/22,A,social,10501.00,2505,1068.34,161.00,2417.27
11/23/22,A,social,12022.00,2096,854.18,145.00,2179
11/24/22,A,social,16438.00,2166,1277.92,165.00,2481.79
11/25/22,A,social,17767.00,2443,1323.54,159.00,2384.99
11/26/22,A,social,16903.00,2854,1180.14,146.00,2195.99
11/27/22,A,social,10727.00,2972,1155.63,134.00,2009.95
11/28/22,A,social,14814.00,2231,599.82,153.00,2296.42
11/29/22,A,social,14530.00,2239,1144.26,165.00,2477.35
11/30/22,A,social,10673.00,2162,1092.02,190.00,2855.58
12/1/22,A,social,13163.00,2667,1175.76,135.00,2025.5
12/2/22,A,social,17050.00,2389,1130.3,136.00,2044.6
12/3/22,A,social,16834.00,2864,703.79,188.00,2825.6
12/4/22,A,social,15051.00,2475,1363.5,141.00,2120.94
12/5/22,A,social,17707.00,2094,831.21,178.00,2672.47
12/6/22,A,social,16565.00,2042,955.13,176.00,2632.9
12/7/22,A,social,11054.00,2292,1103.56,155.00,2324.09
12/8/22,A,social,14166.00,2912,1207.87,153.00,2295.33
12/9/22,A,social,12821.00,2443,1213.12,157.00,2349.2
12/10/22,A,social,17861.00,2026,1041.36,158.00,2368.63
12/11/22,A,social,16903.00,2223,1474.54,140.00,2094.14
12/12/22,A,social,18327.00,2601,580.56,134.00,2007.41
12/13/22,A,social,14551.00,2189,782.12,141.00,2118.59
12/14/22,A,social,19512.00,2127,1281.37,152.00,2281.15
12/15/22,A,social,18454.00,2799,1330.46,170.00,2547.67
12/16/22,A,social,12134.00,2219,1123.6,153.00,2301.05
12/17/22,A,social,18985.00,2019,666.45,187.00,2801.15
12/18/22,A,social,15080.00,2274,1425.62,162.00,2424.75
12/19/22,A,social,15295.00,2074,1067.19,159.00,2391.18
12/20/22,A,social,14195.00,2965,788.7,150.00,2257.49
12/21/22,A,social,11942.00,2574,1275.49,169.00,2538.91
12/22/22,A,social,12108.00,2226,699.64,155.00,2330.5
12/23/22,A,social,19245.00,2137,1425.4,180.00,2703.82
12/24/22,A,social,15287.00,2159,1458.04,181.00,2712.67
12/25/22,A,social,19617.00,2350,998.86,190.00,2843.2
12/26/22,A,social,15853.00,2484,902.93,150.00,2254.94
12/27/22,A,social,18460.00,2789,737.11,165.00,2469.18
12/28/22,A,social,18232.00,2665,532.77,136.00,2047.32
12/29/22,A,social,13341.00,2576,732.38,192.00,2874.05
12/30/22,A,social,15467.00,2521,1005.35,181.00,2712.39
12/31/22,A,social,14871.00,2132,1482.59,161.00,2407.62
1/1/22,A,display,8541.00,828,233.41,14.00,204.19
1/2/22,A,display,599.00,725,145.61,17.00,251.03
1/3/22,A,display,2417.00,895,554.84,22.00,327.48
1/4/22,A,display,1123.00,103,242.51,44.00,666.32
1/5/22,A,display,4027.00,575,215.75,29.00,439.56
1/6/22,A,display,9299.00,396,295.4,32.00,486.12
1/7/22,A,display,2130.00,829,912.09,16.00,245.77
1/8/22,A,display,4589.00,281,972.06,36.00,536.65
1/9/22,A,display,680.00,84,567.17,59.00,885
1/10/22,A,display,7675.00,390,213.49,15.00,223.67
1/11/22,A,display,9402.00,449,238.27,5.00,75.22
1/12/22,A,display,6361.00,745,237.36,21.00,321.47
1/13/22,A,display,1706.00,226,453.63,34.00,508.98
1/14/22,A,display,7838.00,838,493.13,36.00,534.89
1/15/22,A,display,7622.00,540,79.9,5.00,76.8
1/16/22,A,display,414.00,996,176.38,20.00,305.78
1/17/22,A,display,9682.00,707,755.63,27.00,402.76
1/18/22,A,display,6130.00,771,254.24,29.00,433.6
1/19/22,A,display,7275.00,423,824.6,33.00,490.19
1/20/22,A,display,8566.00,97,850.17,16.00,246.72
1/21/22,A,display,7664.00,630,126.51,34.00,506
1/22/22,A,display,5194.00,464,24.81,26.00,393.12
1/23/22,A,display,7460.00,343,957.44,30.00,444.71
1/24/22,A,display,9047.00,464,616.98,13.00,191.78
1/25/22,A,display,2022.00,151,690.57,8.00,118.69
1/26/22,A,display,8560.00,287,372.27,31.00,458.65
1/27/22,A,display,3488.00,757,175.7,55.00,819.13
1/28/22,A,display,8725.00,546,414.83,2.00,31.72
1/29/22,A,display,2858.00,318,86.81,31.00,471.78
1/30/22,A,display,7818.00,75,363.36,36.00,546.66
1/31/22,A,display,2294.00,932,389.72,32.00,483.1
2/1/22,A,display,1351.00,421,185.8,31.00,465.51
2/2/22,A,display,4596.00,522,373.19,52.00,777.12
2/3/22,A,display,9.00,134,810.74,21.00,316.91
2/4/22,A,display,9039.00,365,965.61,48.00,714.6
2/5/22,A,display,1486.00,333,722.59,54.00,817.11
2/6/22,A,display,1432.00,708,928.4,44.00,656.25
2/7/22,A,display,6178.00,468,197.3,29.00,442.14
2/8/22,A,display,800.00,410,618.77,11.00,162.69
2/9/22,A,display,9568.00,467,554.27,3.00,39.14
2/10/22,A,display,2177.00,819,311.03,5.00,81.45
2/11/22,A,display,6147.00,509,410.68,10.00,152.19
2/12/22,A,display,706.00,715,650.33,56.00,842.45
2/13/22,A,display,2277.00,30,239.11,55.00,823.78
2/14/22,A,display,5357.00,549,172.5,43.00,647.23
2/15/22,A,display,7456.00,370,245.63,16.00,238.36
2/16/22,A,display,4875.00,924,625.09,58.00,869.74
2/17/22,A,display,6705.00,597,661.84,45.00,674.59
2/18/22,A,display,5058.00,374,328.96,47.00,699.95
2/19/22,A,display,824.00,595,444.68,37.00,554.77
2/20/22,A,display,3803.00,139,629.18,9.00,136.87
2/21/22,A,display,6887.00,887,292.93,15.00,220.23
2/22/22,A,display,7037.00,693,989.34,58.00,869.42
2/23/22,A,display,8495.00,746,471.04,14.00,214.64
2/24/22,A,display,8217.00,795,710.18,41.00,609.57
2/25/22,A,display,7729.00,120,500.04,47.00,710.64
2/26/22,A,display,4643.00,49,321.41,21.00,315.43
2/27/22,A,display,9007.00,718,389.35,5.00,71
2/28/22,A,display,4600.00,895,264.58,53.00,797.42
3/1/22,A,display,4496.00,410,365.83,48.00,719.36
3/2/22,A,display,4761.00,558,811.98,39.00,577.98
3/3/22,A,display,8310.00,738,757.71,66.00,997.48
3/4/22,A,display,8592.00,156,356.37,45.00,670
3/5/22,A,display,6706.00,218,976.94,39.00,591.32
3/6/22,A,display,239.00,130,71.34,25.00,375.04
3/7/22,A,display,9992.00,190,377.96,11.00,164.72
3/8/22,A,display,5278.00,198,196.76,8.00,115.96
3/9/22,A,display,5654.00,411,135.76,41.00,616.58
3/10/22,A,display,5503.00,757,396.24,41.00,618.33
3/11/22,A,display,4080.00,2,526.85,21.00,320.32
3/12/22,A,display,7485.00,228,138.8,51.00,759.62
3/13/22,A,display,5560.00,628,833.47,63.00,944.93
3/14/22,A,display,7340.00,996,382.83,7.00,103.63
3/15/22,A,display,5475.00,829,715.62,13.00,200.62
3/16/22,A,display,411.00,816,894.51,35.00,522.05
3/17/22,A,display,1818.00,590,50.08,20.00,294.96
3/18/22,A,display,4162.00,195,76.88,30.00,443.79
3/19/22,A,display,137.00,272,925.67,39.00,586.36
3/20/22,A,display,602.00,449,29.36,64.00,963.78
3/21/22,A,display,3808.00,545,436.25,1.00,14.32
3/22/22,A,display,9688.00,833,583.4,54.00,806.61
3/23/22,A,display,1011.00,110,342.83,52.00,782.38
3/24/22,A,display,6591.00,88,392.72,37.00,550.68
3/25/22,A,display,3214.00,246,189.28,29.00,438.55
3/26/22,A,display,9838.00,552,314.47,45.00,669.85
3/27/22,A,display,9013.00,650,426.28,36.00,532.71
3/28/22,A,display,337.00,967,300.48,17.00,260.18
3/29/22,A,display,7904.00,28,522.85,54.00,812.09
3/30/22,A,display,6610.00,384,988.66,57.00,855
3/31/22,A,display,929.00,184,709.79,58.00,871.14
4/1/22,A,display,748.00,490,403.74,0.00,2.96
4/2/22,A,display,7137.00,197,348.15,22.00,327.19
4/3/22,A,display,6985.00,899,749.28,32.00,476.52
4/4/22,A,display,8877.00,661,726.63,18.00,267.3
4/5/22,A,display,7183.00,207,730.65,35.00,520.41
4/6/22,A,display,2213.00,628,655.94,41.00,621.9
4/7/22,A,display,3992.00,607,847.38,51.00,767.03
4/8/22,A,display,4053.00,225,895.66,53.00,789.62
4/9/22,A,display,1586.00,56,448.08,58.00,864.37
4/10/22,A,display,86.00,62,194.38,45.00,676.05
4/11/22,A,display,4253.00,890,648.71,50.00,751.32
4/12/22,A,display,2245.00,675,43.43,26.00,395.9
4/13/22,A,display,3531.00,705,235.22,2.00,24.11
4/14/22,A,display,800.00,381,182.85,4.00,64.06
4/15/22,A,display,7406.00,553,580.35,22.00,336.22
4/16/22,A,display,4902.00,73,844.97,28.00,418.03
4/17/22,A,display,2324.00,904,294.84,14.00,215.01
4/18/22,A,display,3361.00,581,68.63,55.00,828.1
4/19/22,A,display,6921.00,517,332.4,47.00,711.29
4/20/22,A,display,135.00,215,328.67,5.00,70.58
4/21/22,A,display,892.00,911,897.71,1.00,16.82
4/22/22,A,display,3903.00,276,346.5,10.00,153.98
4/23/22,A,display,8562.00,149,926.03,55.00,824.81
4/24/22,A,display,7249.00,837,525.63,16.00,238.84
4/25/22,A,display,8917.00,685,915.74,60.00,903.01
4/26/22,A,display,1636.00,726,675.63,13.00,195.02
4/27/22,A,display,388.00,579,36.46,21.00,320.31
4/28/22,A,display,863.00,684,799.79,53.00,801.57
4/29/22,A,display,9116.00,773,279.12,39.00,583.71
4/30/22,A,display,3498.00,352,536.86,18.00,264.18
5/1/22,A,display,2200.00,919,365.24,17.00,249.36
5/2/22,A,display,5080.00,415,572.21,13.00,196.76
5/3/22,A,display,8132.00,647,306.73,35.00,527.26
5/4/22,A,display,1583.00,953,484.49,14.00,209.26
5/5/22,A,display,6299.00,61,528.73,17.00,249.55
5/6/22,A,display,3552.00,502,958.47,66.00,992.61
5/7/22,A,display,5116.00,725,460.95,36.00,545.33
5/8/22,A,display,4795.00,512,261.88,58.00,868.54
5/9/22,A,display,5067.00,364,820.79,7.00,111.58
5/10/22,A,display,5482.00,34,254.53,36.00,543.63
5/11/22,A,display,4404.00,629,630.41,1.00,17.66
5/12/22,A,display,1624.00,686,454.72,7.00,111.67
5/13/22,A,display,6961.00,488,504.94,16.00,246.12
5/14/22,A,display,1961.00,789,914.18,16.00,245.13
5/15/22,A,display,9003.00,352,655.15,58.00,871.28
5/16/22,A,display,1239.00,854,385.28,15.00,232.14
5/17/22,A,display,2689.00,489,407.82,5.00,67.63
5/18/22,A,display,4302.00,782,322.34,41.00,620.29
5/19/22,A,display,2613.00,142,344.87,5.00,69.44
5/20/22,A,display,8534.00,730,94.87,45.00,681.66
5/21/22,A,display,1959.00,539,309.89,20.00,299.7
5/22/22,A,display,717.00,491,973.36,16.00,235.42
5/23/22,A,display,7927.00,484,254.82,47.00,697.54
5/24/22,A,display,5969.00,856,582.07,0.00,0.22
5/25/22,A,display,7173.00,577,233.39,10.00,152.83
5/26/22,A,display,3938.00,315,998.35,2.00,31.86
5/27/22,A,display,8784.00,332,47.87,17.00,260.41
5/28/22,A,display,9044.00,47,960.54,33.00,496.1
5/29/22,A,display,5460.00,680,248.09,25.00,371.58
5/30/22,A,display,9355.00,122,12.01,37.00,551.79
5/31/22,A,display,5141.00,469,828.27,14.00,217.17
6/1/22,A,display,8583.00,672,970.83,57.00,852.67
6/2/22,A,display,7593.00,339,730.74,30.00,450.32
6/3/22,A,display,7445.00,850,558.59,59.00,884.68
6/4/22,A,display,3421.00,897,814.39,51.00,764.07
6/5/22,A,display,369.00,471,88.15,6.00,92.85
6/6/22,A,display,6700.00,802,420.46,56.00,842.88
6/7/22,A,display,4879.00,464,997.21,39.00,579.39
6/8/22,A,display,3960.00,722,696.07,3.00,50.13
6/9/22,A,display,213.00,889,313.25,66.00,983.2
6/10/22,A,display,8904.00,454,752.06,6.00,87.47
6/11/22,A,display,7270.00,726,128.78,37.00,550.86
6/12/22,A,display,8330.00,994,950.3,50.00,753.95
6/13/22,A,display,8994.00,434,568.55,44.00,662.75
6/14/22,A,display,1298.00,59,174.53,21.00,320.89
6/15/22,A,display,8767.00,724,696.37,17.00,249.61
6/16/22,A,display,515.00,833,964.05,16.00,234.73
6/17/22,A,display,4171.00,667,69.29,0.00,7.39
6/18/22,A,display,3443.00,84,114.38,6.00,87.03
6/19/22,A,display,5921.00,321,536.13,28.00,425.77
6/20/22,A,display,1588.00,792,95.33,15.00,221.92
6/21/22,A,display,6054.00,688,431.52,21.00,315.95
6/22/22,A,display,6413.00,400,279.99,35.00,522.62
6/23/22,A,display,5986.00,429,93.25,27.00,406.48
6/24/22,A,display,7590.00,854,416.3,56.00,842.78
6/25/22,A,display,5518.00,8,102.65,34.00,511.24
6/26/22,A,display,1881.00,783,304.48,49.00,735.2
6/27/22,A,display,4419.00,4,912.68,2.00,25.8
6/28/22,A,display,4425.00,143,169.01,14.00,215.36
6/29/22,A,display,7072.00,363,32.29,6.00,91.99
6/30/22,A,display,6325.00,101,186.71,14.00,215.5
7/1/22,A,display,6469.00,134,304.77,54.00,807.73
7/2/22,A,display,2167.00,167,724.25,34.00,511.62
7/3/22,A,display,4326.00,708,445.84,63.00,943.64
7/4/22,A,display,907.00,347,617.39,31.00,471.83
7/5/22,A,display,1221.00,774,58.14,50.00,749.11
7/6/22,A,display,2857.00,535,145.42,49.00,740.96
7/7/22,A,display,738.00,889,173.64,10.00,144
7/8/22,A,display,6612.00,237,874.8,63.00,939.42
7/9/22,A,display,5097.00,435,136.85,40.00,606.6
7/10/22,A,display,4422.00,557,434.94,41.00,612.88
7/11/22,A,display,7366.00,464,850.1,46.00,683.83
7/12/22,A,display,1499.00,402,597.31,45.00,671.49
7/13/22,A,display,142.00,788,535.83,17.00,258.21
7/14/22,A,display,3809.00,873,494.76,35.00,518.32
7/15/22,A,display,4341.00,218,968.14,52.00,775.6
7/16/22,A,display,7690.00,128,141.65,61.00,915.62
7/17/22,A,display,8578.00,566,591.3,57.00,859.77
7/18/22,A,display,379.00,961,959.71,22.00,331.48
7/19/22,A,display,4589.00,287,907.02,54.00,810.94
7/20/22,A,display,4761.00,510,62.09,62.00,934.92
7/21/22,A,display,713.00,907,585.03,59.00,883.45
7/22/22,A,display,4782.00,313,307.04,21.00,321.46
7/23/22,A,display,4104.00,180,869.42,56.00,844.53
7/24/22,A,display,490.00,16,403.87,36.00,535.84
7/25/22,A,display,5881.00,904,948.73,6.00,92.71
7/26/22,A,display,6866.00,767,201.87,3.00,52.09
7/27/22,A,display,1484.00,784,614.03,40.00,595.7
7/28/22,A,display,4398.00,696,371.39,29.00,432.57
7/29/22,A,display,920.00,239,612.35,44.00,663.58
7/30/22,A,display,2074.00,445,868.31,32.00,486.31
7/31/22,A,display,2628.00,388,589.51,35.00,522.54
8/1/22,A,display,7954.00,695,68.44,2.00,28.17
8/2/22,A,display,3881.00,85,337.18,20.00,292.99
8/3/22,A,display,8347.00,165,595.45,6.00,96.6
8/4/22,A,display,4424.00,517,241.47,42.00,623.44
8/5/22,A,display,6065.00,766,519.53,45.00,678.94
8/6/22,A,display,4778.00,829,693.6,67.00,998.05
8/7/22,A,display,1249.00,807,852.54,7.00,101.77
8/8/22,A,display,3191.00,158,609.16,14.00,209.79
8/9/22,A,display,5579.00,16,535.01,47.00,706.75
8/10/22,A,display,4745.00,434,657.07,60.00,899.3
8/11/22,A,display,8224.00,225,223.54,18.00,262.62
8/12/22,A,display,6929.00,631,476.12,50.00,751.96
8/13/22,A,display,1223.00,861,137.65,54.00,806.47
8/14/22,A,display,7128.00,368,609.34,58.00,874.06
8/15/22,A,display,9580.00,171,8.22,32.00,481.76
8/16/22,A,display,2623.00,654,746.32,59.00,882.74
8/17/22,A,display,4668.00,631,579.56,39.00,582.14
8/18/22,A,display,9650.00,520,382.65,15.00,231.34
8/19/22,A,display,4582.00,998,771.39,53.00,788.26
8/20/22,A,display,1685.00,173,759.68,65.00,968.57
8/21/22,A,display,8285.00,109,79.35,27.00,411.9
8/22/22,A,display,7226.00,222,35.67,22.00,332.32
8/23/22,A,display,4141.00,608,35.34,10.00,144.36
8/24/22,A,display,1653.00,125,946.99,3.00,49.72
8/25/22,A,display,1481.00,294,303.99,57.00,851.99
8/26/22,A,display,5874.00,533,509.22,61.00,921.67
8/27/22,A,display,5691.00,66,696.06,10.00,150.29
8/28/22,A,display,4587.00,234,755.02,24.00,353.33
8/29/22,A,display,7125.00,942,610.79,32.00,480.23
8/30/22,A,display,1709.00,694,696.61,9.00,134.69
8/31/22,A,display,2543.00,258,382.92,54.00,812.66
9/1/22,A,display,6716.00,731,491.24,53.00,799.39
9/2/22,A,display,9308.00,216,155.53,31.00,462.62
9/3/22,A,display,3983.00,183,822.91,42.00,637.04
9/4/22,A,display,1697.00,651,358.03,55.00,831.44
9/5/22,A,display,7462.00,620,920.84,13.00,197.48
9/6/22,A,display,5908.00,52,397.72,27.00,408.94
9/7/22,A,display,3490.00,643,607.46,31.00,459.08
9/8/22,A,display,2818.00,553,604.24,52.00,779.79
9/9/22,A,display,2491.00,15,963.83,47.00,708.83
9/10/22,A,display,3385.00,669,314.71,35.00,521.92
9/11/22,A,display,5167.00,413,238.81,42.00,634.13
9/12/22,A,display,2909.00,358,458.26,32.00,472.62
9/13/22,A,display,8851.00,578,346.42,24.00,356.12
9/14/22,A,display,5391.00,311,967.6,50.00,747.99
9/15/22,A,display,8282.00,745,814.73,61.00,915.45
9/16/22,A,display,8886.00,289,456.36,24.00,357.48
9/17/22,A,display,9245.00,153,783.68,25.00,371.56
9/18/22,A,display,5730.00,832,570.95,44.00,666.95
9/19/22,A,display,601.00,862,995.04,59.00,881.26
9/20/22,A,display,2750.00,316,846.69,25.00,381.52
9/21/22,A,display,7292.00,330,926.33,37.00,558.36
9/22/22,A,display,1895.00,270,805.32,16.00,246.32
9/23/22,A,display,1885.00,60,347.36,29.00,432.53
9/24/22,A,display,8304.00,734,746.97,52.00,777.06
9/25/22,A,display,8904.00,167,740.02,2.00,34.63
9/26/22,A,display,730.00,60,604.13,45.00,670.88
9/27/22,A,display,5298.00,664,492.35,39.00,584.76
9/28/22,A,display,6243.00,572,183.87,28.00,417.03
9/29/22,A,display,5182.00,786,734.17,14.00,213.84
9/30/22,A,display,5909.00,752,634.62,5.00,77.7
10/1/22,A,display,7311.00,876,176.1,40.00,595.46
10/2/22,A,display,1842.00,346,864.67,42.00,627.28
10/3/22,A,display,4904.00,888,979.67,26.00,384.95
10/4/22,A,display,8864.00,286,754.26,30.00,444.12
10/5/22,A,display,1695.00,701,903.19,56.00,843.99
10/6/22,A,display,9411.00,491,51.25,9.00,134.75
10/7/22,A,display,5654.00,668,425.25,20.00,303.16
10/8/22,A,display,3092.00,624,382.53,61.00,912.12
10/9/22,A,display,752.00,382,712.95,47.00,705.58
10/10/22,A,display,4843.00,513,162.89,50.00,756.79
10/11/22,A,display,524.00,915,864.43,30.00,449.53
10/12/22,A,display,3409.00,17,389.06,65.00,970.18
10/13/22,A,display,416.00,360,857.25,54.00,812.35
10/14/22,A,display,4390.00,196,942.34,56.00,843.25
10/15/22,A,display,6892.00,734,202.39,12.00,180.92
10/16/22,A,display,5264.00,502,120.14,53.00,801.35
10/17/22,A,display,4505.00,475,380.41,31.00,469.24
10/18/22,A,display,8176.00,205,446.61,52.00,775.56
10/19/22,A,display,3923.00,44,971.03,35.00,529.54
10/20/22,A,display,9488.00,437,898.7,32.00,474.96
10/21/22,A,display,2785.00,209,747.65,56.00,846.02
10/22/22,A,display,8479.00,993,163.68,45.00,670.22
10/23/22,A,display,2535.00,536,899.82,37.00,556.04
10/24/22,A,display,1039.00,790,449.22,48.00,722.79
10/25/22,A,display,3349.00,640,430.29,34.00,508.38
10/26/22,A,display,639.00,183,790.78,36.00,547.31
10/27/22,A,display,6423.00,420,124,52.00,786.15
10/28/22,A,display,6913.00,856,994.74,27.00,409.58
10/29/22,A,display,2792.00,181,293.67,39.00,581.3
10/30/22,A,display,7654.00,795,416.33,66.00,987.66
10/31/22,A,display,9713.00,656,629.01,40.00,593.72
11/1/22,A,display,4120.00,369,962.04,11.00,171.26
11/2/22,A,display,9429.00,433,116.97,56.00,837.94
11/3/22,A,display,5943.00,574,543.81,48.00,718.58
11/4/22,A,display,7292.00,945,639.47,14.00,203.12
11/5/22,A,display,5232.00,263,1.69,16.00,239.29
11/6/22,A,display,669.00,311,666.61,54.00,805.35
11/7/22,A,display,1933.00,560,512.88,15.00,229.39
11/8/22,A,display,8892.00,778,448.99,16.00,239.32
11/9/22,A,display,8573.00,876,702.18,66.00,982.99
11/10/22,A,display,241.00,60,868.69,22.00,326.14
11/11/22,A,display,3028.00,266,32.19,28.00,422.69
11/12/22,A,display,286.00,284,698.24,41.00,617.75
11/13/22,A,display,938.00,741,840.49,1.00,18.61
11/14/22,A,display,8489.00,143,685.82,19.00,291.83
11/15/22,A,display,19212.00,1780,1878.45,99.00,1487.98
11/16/22,A,display,18218.00,1501,1405.97,70.00,1049.34
11/17/22,A,display,10095.00,1234,1240.3,67.00,1010.04
11/18/22,A,display,16523.00,1943,1665.44,118.00,1770.82
11/19/22,A,display,14948.00,1210,1215.31,91.00,1359.04
11/20/22,A,display,15547.00,1151,1835.68,127.00,1900.65
11/21/22,A,display,19129.00,1671,1065.51,102.00,1533.31
11/22/22,A,display,12750.00,1636,1161.13,124.00,1860.09
11/23/22,A,display,16459.00,1367,1655.3,106.00,1588.47
11/24/22,A,display,17083.00,1442,1708.67,95.00,1431.21
11/25/22,A,display,18580.00,1138,1853.12,105.00,1575.77
11/26/22,A,display,14628.00,1363,1373.69,133.00,1993.64
11/27/22,A,display,15951.00,1778,1942.75,133.00,1998.48
11/28/22,A,display,17306.00,1795,1363.25,112.00,1686.73
11/29/22,A,display,12119.00,1772,1155.45,105.00,1576.93
11/30/22,A,display,16725.00,1809,1891.19,91.00,1371.28
12/1/22,A,display,15303.00,1109,1998.49,96.00,1437.56
12/2/22,A,display,17908.00,1926,1935.04,85.00,1279.14
12/3/22,A,display,14457.00,1226,1848.86,108.00,1617.78
12/4/22,A,display,10574.00,1870,1897.53,121.00,1810.98
12/5/22,A,display,17772.00,1596,1995.57,77.00,1151.49
12/6/22,A,display,10007.00,1620,1201.41,90.00,1351.74
12/7/22,A,display,15606.00,1634,1955.66,124.00,1855.85
12/8/22,A,display,10776.00,1472,1606.57,119.00,1777.78
12/9/22,A,display,14380.00,1816,1111.39,129.00,1932.04
12/10/22,A,display,16171.00,1545,1351.18,72.00,1075.6
12/11/22,A,display,18944.00,1733,1131.17,79.00,1181.54
12/12/22,A,display,13512.00,1993,1462.34,110.00,1646.13
12/13/22,A,display,13281.00,1333,1246.85,73.00,1092.28
12/14/22,A,display,17501.00,1669,1225.01,130.00,1944.23
12/15/22,A,display,10884.00,1657,1277.08,94.00,1413.86
12/16/22,A,display,11621.00,1482,1480.21,79.00,1189.36
12/17/22,A,display,11639.00,1861,1890.07,122.00,1834.25
12/18/22,A,display,16286.00,1411,1836.07,90.00,1351.58
12/19/22,A,display,15122.00,1853,1056.24,100.00,1495.37
12/20/22,A,display,17459.00,1249,1477.35,84.00,1257.43
12/21/22,A,display,19637.00,1524,1177.77,81.00,1213.54
12/22/22,A,display,16861.00,1926,1804.18,131.00,1963.06
12/23/22,A,display,12059.00,1625,1247.99,91.00,1364.84
12/24/22,A,display,16599.00,1043,1540.46,114.00,1716.86
12/25/22,A,display,15151.00,1501,1350.2,112.00,1681.99
12/26/22,A,display,16455.00,1872,1857.27,96.00,1437.87
12/27/22,A,display,17700.00,1622,1220.08,116.00,1745.04
12/28/22,A,display,16004.00,1653,1095.06,107.00,1609.84
12/29/22,A,display,13363.00,1103,1833.61,106.00,1594.88
12/30/22,A,display,10584.00,1688,1855.11,95.00,1423.3
12/31/22,A,display,11084.00,1300,1621.66,101.00,1512.57